﻿{"cameraMode":{"drawMode":0,"name":"Shaded","section":"Shading Mode"},"sceneLighting":true,"audioPlay":false,"sceneViewState":{"showFog":true,"showMaterialUpdate":false,"showSkybox":true,"showFlares":true,"showImageEffects":true,"showParticleSystems":true},"in2DMode":false,"pivot":{"x":38.03923416137695,"y":-17.544414520263673,"z":24.2158203125},"rotation":{"x":0.1876635104417801,"y":0.5368339419364929,"z":-0.12389088422060013,"w":0.8131683468818665},"size":29.70595932006836,"orthographic":false}