﻿{"cameraMode":{"drawMode":0,"name":"Shaded","section":"Shading Mode"},"sceneLighting":true,"audioPlay":false,"sceneViewState":{"showFog":true,"showMaterialUpdate":false,"showSkybox":false,"showFlares":true,"showImageEffects":true,"showParticleSystems":true},"in2DMode":false,"pivot":{"x":-3.2576351165771486,"y":-9.394464492797852,"z":9.960409164428711},"rotation":{"x":-0.0974026545882225,"y":0.8846225738525391,"z":-0.2139611393213272,"w":-0.4027114808559418},"size":19.979223251342775,"orthographic":false}