﻿{"cameraMode":{"drawMode":2,"name":"Shaded Wireframe","section":"Shading Mode"},"sceneLighting":true,"audioPlay":false,"sceneViewState":{"showFog":true,"showMaterialUpdate":false,"showSkybox":false,"showFlares":true,"showImageEffects":true,"showParticleSystems":true},"in2DMode":false,"pivot":{"x":-5.879678726196289,"y":-2.250102996826172,"z":5.142416954040527},"rotation":{"x":-0.09447596222162247,"y":0.8551095724105835,"z":-0.16783499717712403,"w":-0.481347918510437},"size":14.705751419067383,"orthographic":false}