﻿{"cameraMode":{"drawMode":2,"name":"Shaded Wireframe","section":"Shading Mode"},"sceneLighting":true,"audioPlay":false,"sceneViewState":{"showFog":true,"showMaterialUpdate":false,"showSkybox":false,"showFlares":true,"showImageEffects":true,"showParticleSystems":true},"in2DMode":false,"pivot":{"x":-14.233230590820313,"y":-19.853178024291993,"z":-20.886734008789064},"rotation":{"x":-0.06780178099870682,"y":0.926277220249176,"z":-0.20209118723869325,"w":-0.3107660710811615},"size":36.64427185058594,"orthographic":false}