﻿{"cameraMode":{"drawMode":2,"name":"Shaded Wireframe","section":"Shading Mode"},"sceneLighting":true,"audioPlay":false,"sceneViewState":{"showFog":true,"showMaterialUpdate":false,"showSkybox":false,"showFlares":true,"showImageEffects":true,"showParticleSystems":true},"in2DMode":false,"pivot":{"x":71.49227905273438,"y":-44.82503890991211,"z":67.49992370605469},"rotation":{"x":0.20700840651988984,"y":0.4063498079776764,"z":-0.09506259858608246,"w":0.8848683834075928},"size":62.213165283203128,"orthographic":false}