﻿{"cameraMode":{"drawMode":2,"name":"Shaded Wireframe","section":"Shading Mode"},"sceneLighting":true,"audioPlay":false,"sceneViewState":{"showFog":false,"showMaterialUpdate":true,"showSkybox":false,"showFlares":true,"showImageEffects":true,"showParticleSystems":true},"in2DMode":false,"pivot":{"x":9.1767578125,"y":-2.0771484375,"z":13.2783203125},"rotation":{"x":0.07635903358459473,"y":-0.9200403690338135,"z":0.22602519392967225,"w":0.3108217716217041},"size":8.051390647888184,"orthographic":true}