﻿{"cameraMode":{"drawMode":2,"name":"Shaded Wireframe","section":"Shading Mode"},"sceneLighting":true,"audioPlay":false,"sceneViewState":{"showFog":true,"showMaterialUpdate":true,"showSkybox":false,"showFlares":true,"showImageEffects":true,"showParticleSystems":true},"in2DMode":false,"pivot":{"x":4.9794921875,"y":-1.2197265625,"z":11.248046875},"rotation":{"x":0.18908117711544038,"y":0.3681107461452484,"z":-0.0767299234867096,"w":0.907114565372467},"size":9.425475120544434,"orthographic":true}